Operator,Resources,Time
GPU-AIAorticSTE,2,37264.107
GPU-AIAorticSTE,4,25625.050000000003
GPU-AIAorticSTE,6,13116.332999999999
GPU-AIAorticSTE,8,10498.274
GPU-AIAorticSTE,10,8390.939
GPU-AIAorticSTE,12,8138.465999999999
GPU-AIAorticSTE,14,7304.3820000000005
GPU-AIAorticSTE,16,5911.826999999999
GPU-AIAorticSTE,18,5260.562
GPU-AIAorticSTE,20,4834.288
GPU-AIAorticSTE,22,5579.570000000001
GPU-AIAorticSTE,24,4697.614
GPU-AIAorticSTE,26,4527.15
GPU-AIAorticSTE,28,4076.493
GPU-AIAorticSTE,30,3713.323
GPU-AIAorticSTE,32,3778.443
GPU-AIAorticSTE,34,3815.563
GPU-AIAorticSTE,36,3746.187
GPU-AIAorticSTE,38,3700.173
GPU-AIAorticSTE,40,3265.4809999999998
GPU-AIAorticSTE,42,3383.786
GPU-AIAorticSTE,44,3162.666
GPU-AIAorticSTE,46,3492.203
GPU-AIAorticSTE,48,3327.339
GPU-AIAorticSTE,50,3828.1710000000003
GPU-AIAorticSTE,52,3354.538
GPU-AIAorticSTE,54,2995.017
GPU-AIAorticSTE,56,3151.464
GPU-AIAorticSTE,58,3116.4900000000002
GPU-AIAorticSTE,60,2993.995
GPU-AIAorticSTE,62,3090.154
GPU-AIAorticSTE,64,2953.544
GPU-AIAorticSTE,66,2766.4080000000004
GPU-AIAorticSTE,68,2927.753
GPU-AIAorticSTE,70,2929.033
GPU-AIAorticSTE,72,2740.999
GPU-AIAorticSTE,74,2730.631
GPU-AIAorticSTE,76,3051.719
GPU-AIAorticSTE,78,2900.296
GPU-AIAorticSTE,80,3033.352
GPU-AIAorticSTE,82,2836.071
GPU-AIAorticSTE,84,2825.671
GPU-AIAorticSTE,86,2904.455
GPU-AIAorticSTE,88,3366.441
GPU-AIAorticSTE,90,2747.0150000000003
GPU-AIAorticSTE,92,2723.658
GPU-AIAorticSTE,94,2743.495
GPU-AIAorticSTE,96,3770.667
GPU-AIAorticSTE,98,2560.295
GPU-AIAorticSTE,100,3233.0040000000004
GPU-AIAorticSTE,102,2629.5440000000003
GPU-AIAorticSTE,104,2756.136
GPU-AIAorticSTE,106,2600.585
GPU-AIAorticSTE,108,2728.7780000000002
GPU-AIAorticSTE,110,2784.393
GPU-AIAorticSTE,112,2719.078
GPU-AIAorticSTE,114,3223.306
GPU-AIAorticSTE,116,2779.081
GPU-AIAorticSTE,118,2779.5930000000003
GPU-AIAorticSTE,120,2735.687
GPU-AIAorticSTE,122,2553.479
GPU-AIAorticSTE,124,2549.255
GPU-AIAorticSTE,126,2516.647
GPU-AIAorticSTE,128,2875.594
GPU-AIAorticSTE,130,3167.241
GPU-AIAorticSTE,132,3169.93
GPU-AIAorticSTE,134,2536.8089999999997
GPU-AIAorticSTE,136,2694.7290000000003
GPU-AIAorticSTE,138,2641.5449999999996
GPU-AIAorticSTE,140,3162.892
GPU-AIAorticSTE,142,2535.9449999999997
GPU-AIBModePers,2,32540.948999999997
GPU-AIBModePers,4,17317.339
GPU-AIBModePers,6,11489.606
GPU-AIBModePers,8,8896.605
GPU-AIBModePers,10,7435.512
GPU-AIBModePers,12,6462.992
GPU-AIBModePers,14,5777.432
GPU-AIBModePers,16,5204.3369999999995
GPU-AIBModePers,18,4807.633
GPU-AIBModePers,20,5285.776
GPU-AIBModePers,22,4351.886
GPU-AIBModePers,24,3998.733
GPU-AIBModePers,26,3816.332
GPU-AIBModePers,28,3830.636
GPU-AIBModePers,30,3590.315
GPU-AIBModePers,32,3411.786
GPU-AIBModePers,34,3490.25
GPU-AIBModePers,36,3414.891
GPU-AIBModePers,38,3230.217
GPU-AIBModePers,40,3914.22
GPU-AIBModePers,42,3243.9770000000003
GPU-AIBModePers,44,3380.522
GPU-AIBModePers,46,3237.034
GPU-AIBModePers,48,2893.192
GPU-AIBModePers,50,2847.0480000000002
GPU-AIBModePers,52,2989.578
GPU-AIBModePers,54,2810.152
GPU-AIBModePers,56,2957.0029999999997
GPU-AIBModePers,58,2772.5840000000003
GPU-AIBModePers,60,2901.162
GPU-AIBModePers,62,2887.9139999999998
GPU-AIBModePers,64,3045.322
GPU-AIBModePers,66,2849.0660000000003
GPU-AIBModePers,68,2905.609
GPU-AIBModePers,70,2944.426
GPU-AIBModePers,72,2976.168
GPU-AIBModePers,74,2772.262
GPU-AIBModePers,76,2603.2709999999997
GPU-AIBModePers,78,2938.407
GPU-AIBModePers,80,2830.569
GPU-AIBModePers,82,3306.571
GPU-AIBModePers,84,2664.1349999999998
GPU-AIBModePers,86,2660.8390000000004
GPU-AIBModePers,88,3292.492
GPU-AIBModePers,90,2491.59
GPU-AIBModePers,92,2847.752
GPU-AIBModePers,94,2689.863
GPU-AIBModePers,96,2548.167
GPU-AIBModePers,98,2781.16
GPU-AIBModePers,100,2693.13
GPU-AIBModePers,102,2569.607
GPU-AIBModePers,104,2504.647
GPU-AIBModePers,106,2501.286
GPU-AIBModePers,108,2501.8940000000002
GPU-AIBModePers,110,2372.837
GPU-AIBModePers,112,2682.824
GPU-AIBModePers,114,2522.375
GPU-AIBModePers,116,2367.558
GPU-AIBModePers,118,2649.993
GPU-AIBModePers,120,3148.812
GPU-AIBModePers,122,2514.535
GPU-AIBModePers,124,2682.792
GPU-AIBModePers,126,3637.6119999999996
GPU-AIBModePers,128,2854.795
GPU-AIBModePers,130,2349.799
GPU-AIBModePers,132,2658.601
GPU-AIBModePers,134,2524.008
GPU-AIBModePers,136,2460.5190000000002
GPU-AIBModePers,138,2416.936
GPU-AIBModePers,140,2477.801
GPU-AIBModePers,142,2297.224
GPU-AIPlaxCham,2,40132.209
GPU-AIPlaxCham,4,20642.503
GPU-AIPlaxCham,6,13568.91
GPU-AIPlaxCham,8,10323.682
GPU-AIPlaxCham,10,9321.244999999999
GPU-AIPlaxCham,12,7876.768
GPU-AIPlaxCham,14,6432.22
GPU-AIPlaxCham,16,5605.073
GPU-AIPlaxCham,18,5164.37
GPU-AIPlaxCham,20,5075.408
GPU-AIPlaxCham,22,4470.83
GPU-AIPlaxCham,24,4978.032
GPU-AIPlaxCham,26,3923.66
GPU-AIPlaxCham,28,3562.3160000000003
GPU-AIPlaxCham,30,3544.492
GPU-AIPlaxCham,32,3226.9860000000003
GPU-AIPlaxCham,34,3071.8160000000003
GPU-AIPlaxCham,36,3167.913
GPU-AIPlaxCham,38,2888.297
GPU-AIPlaxCham,40,2784.712
GPU-AIPlaxCham,42,2662.953
GPU-AIPlaxCham,44,3231.529
GPU-AIPlaxCham,46,2546.1839999999997
GPU-AIPlaxCham,48,2721.256
GPU-AIPlaxCham,50,2475.721
GPU-AIPlaxCham,52,2557.0
GPU-AIPlaxCham,54,2488.4230000000002
GPU-AIPlaxCham,56,2437.447
GPU-AIPlaxCham,58,2086.9179999999997
GPU-AIPlaxCham,60,2387.6240000000003
GPU-AIPlaxCham,62,2029.2849999999999
GPU-AIPlaxCham,64,2016.422
GPU-AIPlaxCham,66,1988.39
GPU-AIPlaxCham,68,1968.7740000000001
GPU-AIPlaxCham,70,1969.061
GPU-AIPlaxCham,72,1962.501
GPU-AIPlaxCham,74,1940.55
GPU-AIPlaxCham,76,1912.709
GPU-AIPlaxCham,78,1874.565
GPU-AIPlaxCham,80,1857.797
GPU-AIPlaxCham,82,1847.685
GPU-AIPlaxCham,84,1554.1799999999998
GPU-AIPlaxCham,86,1543.3319999999999
GPU-AIPlaxCham,88,1514.276
GPU-AIPlaxCham,90,1497.3799999999999
GPU-AIPlaxCham,92,1590.565
GPU-AIPlaxCham,94,1492.612
GPU-AIPlaxCham,96,1476.515
GPU-AIPlaxCham,98,1443.5880000000002
GPU-AIPlaxCham,100,1372.8990000000001
GPU-AIPlaxCham,102,1377.187
GPU-AIPlaxCham,104,1341.5079999999998
GPU-AIPlaxCham,106,1326.756
GPU-AIPlaxCham,108,1413.956
GPU-AIPlaxCham,110,1311.6190000000001
GPU-AIPlaxCham,112,1276.292
GPU-AIPlaxCham,114,1272.227
GPU-AIPlaxCham,116,1271.364
GPU-AIPlaxCham,118,1272.8680000000002
GPU-AIPlaxCham,120,1264.74
GPU-AIPlaxCham,122,1359.555
GPU-AIPlaxCham,124,1254.084
GPU-AIPlaxCham,126,1351.6840000000002
GPU-AIPlaxCham,128,1352.549
GPU-AIPlaxCham,130,1369.477
GPU-AIPlaxCham,132,1243.4279999999999
GPU-AIPlaxCham,134,1238.404
GPU-AIPlaxCham,136,1235.9070000000002
GPU-AIPlaxCham,138,1231.7800000000002
GPU-AIPlaxCham,140,1232.772
GPU-AIPlaxCham,142,1229.1879999999999
GPU-FCAorticSTE,2,75.264
GPU-FCAorticSTE,4,41.248
GPU-FCAorticSTE,6,30.081
GPU-FCAorticSTE,8,24.737
GPU-FCAorticSTE,10,21.888
GPU-FCAorticSTE,12,17.888
GPU-FCAorticSTE,14,17.12
GPU-FCAorticSTE,16,16.8
GPU-FCAorticSTE,18,16.288
GPU-FCAorticSTE,20,14.527999999999999
GPU-FCAorticSTE,22,14.239999999999998
GPU-FCAorticSTE,24,13.76
GPU-FCAorticSTE,26,12.064
GPU-FCAorticSTE,28,11.968
GPU-FCAorticSTE,30,11.904
GPU-FCAorticSTE,32,11.776
GPU-FCAorticSTE,34,11.68
GPU-FCAorticSTE,36,11.296000000000001
GPU-FCAorticSTE,38,9.440000000000001
GPU-FCAorticSTE,40,9.536
GPU-FCAorticSTE,42,9.28
GPU-FCAorticSTE,44,9.408
GPU-FCAorticSTE,46,9.344
GPU-FCAorticSTE,48,9.248
GPU-FCAorticSTE,50,9.377
GPU-FCAorticSTE,52,9.28
GPU-FCAorticSTE,54,9.376000000000001
GPU-FCAorticSTE,56,9.185
GPU-FCAorticSTE,58,9.12
GPU-FCAorticSTE,60,9.408
GPU-FCAorticSTE,62,9.12
GPU-FCAorticSTE,64,9.056
GPU-FCAorticSTE,66,8.895999999999999
GPU-FCAorticSTE,68,8.992
GPU-FCAorticSTE,70,8.831999999999999
GPU-FCAorticSTE,72,8.543999999999999
GPU-FCAorticSTE,74,7.872000000000001
GPU-FCAorticSTE,76,8.193000000000001
GPU-FCAorticSTE,78,8.48
GPU-FCAorticSTE,80,7.84
GPU-FCAorticSTE,82,7.872000000000001
GPU-FCAorticSTE,84,7.617
GPU-FCAorticSTE,86,7.936
GPU-FCAorticSTE,88,7.680000000000001
GPU-FCAorticSTE,90,8.48
GPU-FCAorticSTE,92,7.584
GPU-FCAorticSTE,94,7.52
GPU-FCAorticSTE,96,8.224
GPU-FCAorticSTE,98,7.552
GPU-FCAorticSTE,100,7.617
GPU-FCAorticSTE,102,7.4879999999999995
GPU-FCAorticSTE,104,7.52
GPU-FCAorticSTE,106,7.552
GPU-FCAorticSTE,108,7.52
GPU-FCAorticSTE,110,7.52
GPU-FCAorticSTE,112,7.52
GPU-FCAorticSTE,114,7.4879999999999995
GPU-FCAorticSTE,116,7.6160000000000005
GPU-FCAorticSTE,118,7.552
GPU-FCAorticSTE,120,7.6160000000000005
GPU-FCAorticSTE,122,7.4559999999999995
GPU-FCAorticSTE,124,7.4559999999999995
GPU-FCAorticSTE,126,8.543999999999999
GPU-FCAorticSTE,128,8.256
GPU-FCAorticSTE,130,7.584
GPU-FCAorticSTE,132,7.552
GPU-FCAorticSTE,134,7.4559999999999995
GPU-FCAorticSTE,136,8.352
GPU-FCAorticSTE,138,7.552
GPU-FCAorticSTE,140,8.319999999999999
GPU-FCAorticSTE,142,7.52
GPU-FCBModePers,2,64.32000000000001
GPU-FCBModePers,4,35.969
GPU-FCBModePers,6,26.272
GPU-FCBModePers,8,22.432000000000002
GPU-FCBModePers,10,18.56
GPU-FCBModePers,12,17.919999999999998
GPU-FCBModePers,14,17.44
GPU-FCBModePers,16,15.008000000000001
GPU-FCBModePers,18,15.072000000000001
GPU-FCBModePers,20,12.416
GPU-FCBModePers,22,12.224
GPU-FCBModePers,24,12.416
GPU-FCBModePers,26,12.0
GPU-FCBModePers,28,11.872
GPU-FCBModePers,30,9.792
GPU-FCBModePers,32,9.696
GPU-FCBModePers,34,9.696
GPU-FCBModePers,36,9.792
GPU-FCBModePers,38,9.632
GPU-FCBModePers,40,9.664000000000001
GPU-FCBModePers,42,9.568
GPU-FCBModePers,44,9.568
GPU-FCBModePers,46,9.6
GPU-FCBModePers,48,9.568
GPU-FCBModePers,50,9.408
GPU-FCBModePers,52,9.536
GPU-FCBModePers,54,9.632
GPU-FCBModePers,56,9.344
GPU-FCBModePers,58,9.056
GPU-FCBModePers,60,8.352
GPU-FCBModePers,62,8.288
GPU-FCBModePers,64,8.48
GPU-FCBModePers,66,7.967999999999999
GPU-FCBModePers,68,8.096
GPU-FCBModePers,70,8.319999999999999
GPU-FCBModePers,72,8.256
GPU-FCBModePers,74,8.352
GPU-FCBModePers,76,8.831999999999999
GPU-FCBModePers,78,8.384
GPU-FCBModePers,80,9.184
GPU-FCBModePers,82,8.352
GPU-FCBModePers,84,8.288
GPU-FCBModePers,86,9.056
GPU-FCBModePers,88,8.319999999999999
GPU-FCBModePers,90,8.416
GPU-FCBModePers,92,8.256
GPU-FCBModePers,94,8.256
GPU-FCBModePers,96,8.224
GPU-FCBModePers,98,8.256
GPU-FCBModePers,100,8.0
GPU-FCBModePers,102,7.967999999999999
GPU-FCBModePers,104,8.128
GPU-FCBModePers,106,8.128
GPU-FCBModePers,108,7.904
GPU-FCBModePers,110,8.064
GPU-FCBModePers,112,8.096
GPU-FCBModePers,114,8.224
GPU-FCBModePers,116,8.959999999999999
GPU-FCBModePers,118,8.161
GPU-FCBModePers,120,8.192
GPU-FCBModePers,122,8.096
GPU-FCBModePers,124,8.192
GPU-FCBModePers,126,8.256
GPU-FCBModePers,128,8.895999999999999
GPU-FCBModePers,130,7.936
GPU-FCBModePers,132,7.808
GPU-FCBModePers,134,7.808
GPU-FCBModePers,136,8.704
GPU-FCBModePers,138,7.776
GPU-FCBModePers,140,7.84
GPU-FCBModePers,142,7.744
GPU-FCPlaxCham,2,77.152
GPU-FCPlaxCham,4,42.464
GPU-FCPlaxCham,6,30.624
GPU-FCPlaxCham,8,24.352
GPU-FCPlaxCham,10,21.536
GPU-FCPlaxCham,12,19.648
GPU-FCPlaxCham,14,16.672
GPU-FCPlaxCham,16,16.416
GPU-FCPlaxCham,18,16.160999999999998
GPU-FCPlaxCham,20,14.144
GPU-FCPlaxCham,22,13.888
GPU-FCPlaxCham,24,13.792
GPU-FCPlaxCham,26,13.376000000000001
GPU-FCPlaxCham,28,11.584000000000001
GPU-FCPlaxCham,30,11.392
GPU-FCPlaxCham,32,11.424
GPU-FCPlaxCham,34,11.424
GPU-FCPlaxCham,36,11.232000000000001
GPU-FCPlaxCham,38,10.977
GPU-FCPlaxCham,40,9.248
GPU-FCPlaxCham,42,9.216000000000001
GPU-FCPlaxCham,44,9.088000000000001
GPU-FCPlaxCham,46,9.152000000000001
GPU-FCPlaxCham,48,9.056
GPU-FCPlaxCham,50,9.024000000000001
GPU-FCPlaxCham,52,8.928
GPU-FCPlaxCham,54,8.928
GPU-FCPlaxCham,56,8.895999999999999
GPU-FCPlaxCham,58,8.928
GPU-FCPlaxCham,60,9.152000000000001
GPU-FCPlaxCham,62,8.864
GPU-FCPlaxCham,64,8.864
GPU-FCPlaxCham,66,8.864
GPU-FCPlaxCham,68,8.736
GPU-FCPlaxCham,70,8.736
GPU-FCPlaxCham,72,8.704
GPU-FCPlaxCham,74,8.704
GPU-FCPlaxCham,76,8.64
GPU-FCPlaxCham,78,8.543999999999999
GPU-FCPlaxCham,80,8.192
GPU-FCPlaxCham,82,7.6160000000000005
GPU-FCPlaxCham,84,8.096
GPU-FCPlaxCham,86,7.584
GPU-FCPlaxCham,88,7.648000000000001
GPU-FCPlaxCham,90,7.552
GPU-FCPlaxCham,92,7.584
GPU-FCPlaxCham,94,7.6160000000000005
GPU-FCPlaxCham,96,7.584
GPU-FCPlaxCham,98,7.6160000000000005
GPU-FCPlaxCham,100,8.129000000000001
GPU-FCPlaxCham,102,7.4879999999999995
GPU-FCPlaxCham,104,7.4879999999999995
GPU-FCPlaxCham,106,7.552
GPU-FCPlaxCham,108,7.4559999999999995
GPU-FCPlaxCham,110,7.584
GPU-FCPlaxCham,112,7.6160000000000005
GPU-FCPlaxCham,114,7.52
GPU-FCPlaxCham,116,7.904
GPU-FCPlaxCham,118,7.52
GPU-FCPlaxCham,120,8.0
GPU-FCPlaxCham,122,7.52
GPU-FCPlaxCham,124,7.52
GPU-FCPlaxCham,126,7.967999999999999
GPU-FCPlaxCham,128,8.128
GPU-FCPlaxCham,130,7.296
GPU-FCPlaxCham,132,7.36
GPU-FCPlaxCham,134,7.967999999999999
GPU-FCPlaxCham,136,7.936
GPU-FCPlaxCham,138,7.872000000000001
GPU-FCPlaxCham,140,8.128
GPU-FCPlaxCham,142,7.936
GPU-PostProcessor,2,102.753
GPU-PostProcessor,4,62.336000000000006
GPU-PostProcessor,6,47.199999999999996
GPU-PostProcessor,8,41.855999999999995
GPU-PostProcessor,10,33.984
GPU-PostProcessor,12,34.784
GPU-PostProcessor,14,31.616
GPU-PostProcessor,16,32.512
GPU-PostProcessor,18,29.984
GPU-PostProcessor,20,30.976
GPU-PostProcessor,22,31.52
GPU-PostProcessor,24,31.744
GPU-PostProcessor,26,29.6
GPU-PostProcessor,28,28.672
GPU-PostProcessor,30,28.0
GPU-PostProcessor,32,27.744999999999997
GPU-PostProcessor,34,27.808
GPU-PostProcessor,36,27.68
GPU-PostProcessor,38,27.424
GPU-PostProcessor,40,27.008
GPU-PostProcessor,42,27.424
GPU-PostProcessor,44,27.232
GPU-PostProcessor,46,27.296
GPU-PostProcessor,48,27.264
GPU-PostProcessor,50,24.992
GPU-PostProcessor,52,24.767999999999997
GPU-PostProcessor,54,24.767999999999997
GPU-PostProcessor,56,24.256
GPU-PostProcessor,58,24.032
GPU-PostProcessor,60,23.936
GPU-PostProcessor,62,23.712
GPU-PostProcessor,64,23.552
GPU-PostProcessor,66,23.712
GPU-PostProcessor,68,23.361
GPU-PostProcessor,70,23.456
GPU-PostProcessor,72,23.488
GPU-PostProcessor,74,23.52
GPU-PostProcessor,76,23.168999999999997
GPU-PostProcessor,78,23.232
GPU-PostProcessor,80,25.28
GPU-PostProcessor,82,23.232
GPU-PostProcessor,84,23.232
GPU-PostProcessor,86,23.392
GPU-PostProcessor,88,23.072
GPU-PostProcessor,90,23.072
GPU-PostProcessor,92,23.104
GPU-PostProcessor,94,23.489
GPU-PostProcessor,96,23.072
GPU-PostProcessor,98,22.912
GPU-PostProcessor,100,22.976
GPU-PostProcessor,102,22.977
GPU-PostProcessor,104,22.848
GPU-PostProcessor,106,23.008
GPU-PostProcessor,108,22.912
GPU-PostProcessor,110,22.848
GPU-PostProcessor,112,22.912
GPU-PostProcessor,114,22.784
GPU-PostProcessor,116,22.784
GPU-PostProcessor,118,22.816
GPU-PostProcessor,120,22.817
GPU-PostProcessor,122,23.072
GPU-PostProcessor,124,22.816
GPU-PostProcessor,126,24.832
GPU-PostProcessor,128,24.639999999999997
GPU-PostProcessor,130,22.688
GPU-PostProcessor,132,22.689
GPU-PostProcessor,134,22.752000000000002
GPU-PostProcessor,136,22.784
GPU-PostProcessor,138,22.752000000000002
GPU-PostProcessor,140,23.008
GPU-PostProcessor,142,22.752000000000002

